Ion,4000 K,4500 K,5000 K,6000 K,8000 K,10000 K,13000 K,17000 K,19000 K
H I,(1.3±0.0)10^-10,(5.8±0.0)10^-9,(1.3±0.0)10^-7,(2.7±0.0)10^-3,(1.6±0.0)10^-2,2.39±0.00,51.4±0.1,541±1,1626±2
H II,-,-,-,-,-,-,-,-,-
H III,-,-,-,-,-,-,-,-,-
He I,(2.2±0.0)10^-23,(2.0±0.0)10^-20,(6.4±0.0)10^-18,(2.4±0.0)10^-10,(3.1±0.0)10^-9,(3.1±0.0)10^-6,(1.4±0.0)10^-3,(2.2±0.0)10^-1,1.10±0.00
He II,0,0,0,0,0,(1.2±0.0)10^-24,(1.8±0.0)10^-16,(1.9±0.0)10^-5,(5.7±0.0)10^-4
He III,-,-,-,-,-,-,-,-,-
Li I,2.25±0.00,4.34±0.01,18.4±0.0,198±0,1182±2,2664±4,4102±6,4214±6,4337±7
Li II,0,0,0,0,0,(8.0±0.0)10^-27,(1.5±0.0)10^-19,(9.2±0.0)10^-11,(6.8±0.0)10^-10
Li III,0,0,0,0,0,0,0,0,0
Be I,(1.4±0.1)10^-4,(1.4±0.1)10^-3,(4.0±0.1)10^-2,1.05±0.02,94.2±2.0,925±19,4122±73,6435±93,8569±117
Be II,(4.2±0.0)10^-2,(2.5±0.0)10^-1,2.24±0.00,17.5±0.0,139±0,613±1,2171±5,3760±8,5482±12
Be III,(3.1±0.0)10^-2,(8.0±0.0)10^-2,(5.5±0.0)10^-1,12.7±0.0,67.9±0.1,223±0,627±1,841±2,1005±2
B I,(2.1±0.1)10^-5,(1.2±0.0)10^-4,(2.1±0.0)10^-3,(2.3±0.1)10^-1,20.2±0.3,545±27,3128±177,5789±334,8800±519
B II,(4.6±0.4)10^-11,(1.6±0.1)10^-10,(6.4±0.2)10^-9,(4.4±0.1)10^-6,(1.0±0.0)10^-1,329±10,2563±75,4647±125,7461±193
B III,(7.2±0.0)10^-7,(4.1±0.0)10^-6,(5.2±0.0)10^-4,(1.0±0.0)10^-1,24.2±0.1,252±1,1119±2,2028±5,2973±7
C I,(2.1±0.1)10^-8,(3.3±0.1)10^-7,(4.3±0.1)10^-6,(2.7±0.1)10^-4,(1.5±0.0)10^-1,44.6±0.5,648±7,1590±20,2920±38
C II,(2.4±0.0)10^-12,(2.0±0.0)10^-11,(1.1±0.0)10^-9,(2.7±0.0)10^-7,(2.0±0.0)10^-3,1.02±0.02,9.20±0.16,109±2,301±4
C III,(4.6±0.3)10^-14,(6.0±0.4)10^-13,(6.9±0.5)10^-11,(1.6±0.1)10^-8,(1.1±0.1)10^-5,(5.7±0.1)10^-3,6.66±0.08,87.5±1.0,357±5
N I,(7.7±0.9)10^-11,(6.1±0.3)10^-10,(1.3±0.0)10^-8,(2.4±0.0)10^-6,(9.6±0.5)10^-3,3.17±0.11,141±2,575±8,1265±17
N II,(1.9±0.7)10^-10,(4.6±1.5)10^-10,(1.6±0.4)10^-9,(1.5±0.1)10^-7,(5.1±0.3)10^-6,(2.4±0.0)10^-3,6.00±0.09,47.0±0.7,124±2
N III,(9.5±1.1)10^-15,(8.1±1.1)10^-14,(1.9±0.2)10^-11,(7.0±0.9)10^-9,(8.7±1.1)10^-6,(6.8±0.4)10^-4,4.33±0.32,67.4±4.6,199±13
O I,(2.9±0.1)10^-10,(2.0±0.0)10^-9,(3.1±0.1)10^-8,(3.1±0.1)10^-6,(1.3±0.0)10^-3,(9.7±0.2)10^-1,34.2±0.9,147±4,365±10
O II,(2.0±0.1)10^-12,(1.0±0.0)10^-11,(5.4±0.3)10^-11,(1.2±0.0)10^-9,(1.7±0.1)10^-8,(1.5±0.1)10^-5,(2.0±0.1)10^-3,(1.5±0.1)10^-1,1.16±0.05
O III,(1.5±0.1)10^-10,(4.2±0.3)10^-10,(1.7±0.1)10^-9,(8.1±0.6)10^-9,(1.3±0.1)10^-6,(6.6±0.4)10^-5,(1.2±0.0)10^-3,(1.3±0.0)10^-1,1.16±0.02
F I,(3.1±0.2)10^-15,(3.7±0.2)10^-13,(2.2±0.1)10^-11,(9.9±0.5)10^-9,(1.8±0.1)10^-5,(1.9±0.1)10^-3,(2.4±0.1)10^-1,5.98±0.18,30.5±1.1
F II,(1.5±0.4)10^-8,(4.1±1.0)10^-8,(1.7±0.4)10^-7,(6.6±1.6)10^-7,(4.7±1.2)10^-6,(1.4±0.3)10^-5,(3.8±0.6)10^-5,(4.4±1.7)10^-1,1.37±0.48
F III,(8.9±1.7)10^-14,(7.0±1.4)10^-13,(6.0±1.1)10^-12,(1.1±0.2)10^-10,(5.7±0.8)10^-9,(7.6±1.2)10^-8,(4.2±0.7)10^-7,(8.5±1.3)10^-7,(1.4±0.2)10^-6
Ne I,(9.4±0.1)10^-20,(4.4±0.1)10^-17,(7.9±0.1)10^-15,(1.9±0.0)10^-11,(2.3±0.0)10^-7,(7.4±0.1)10^-5,(1.3±0.0)10^-2,(6.7±0.1)10^-1,2.86±0.02
Ne II,0,0,(2.7±0.6)10^-27,(6.5±0.5)10^-14,(2.9±0.4)10^-15,(2.9±0.4)10^-11,(1.5±0.2)10^-7,(3.0±0.2)10^-4,(4.2±0.3)10^-3
Ne III,(1.1±0.0)10^-10,(2.7±0.1)10^-10,(1.3±0.0)10^-9,(1.3±0.0)10^-8,(1.3±0.0)10^-7,(5.1±0.1)10^-7,(1.2±0.0)10^-6,(1.7±0.1)10^-3,(2.7±0.2)10^-2
Na I,(2.3±0.0)10^-1,(4.9±0.0)10^-1,2.21±0.01,63.0±0.4,434±3,957±6,1316±7,1219±6,1206±6
Na II,0,0,0,(2.7±0.2)10^-22,(2.0±0.0)10^-18,(1.3±0.0)10^-13,(3.2±0.0)10^-9,(2.0±0.1)10^-5,(4.4±0.2)10^-4
Na III,0,0,0,(6.4±0.3)10^-22,(3.6±0.1)10^-27,(4.9±0.2)10^-20,(1.8±0.1)10^-14,(6.6±0.4)10^-6,(1.4±0.1)10^-4
Mg I,(1.9±0.0)10^-4,(8.8±0.1)10^-4,(6.3±0.1)10^-3,(6.2±0.1)10^-1,108±2,707±14,2164±40,2543±44,2908±51
Mg II,(1.2±0.0)10^-5,(1.9±0.0)10^-5,(2.1±0.0)10^-4,(3.7±0.1)10^-2,7.30±0.10,117±2,787±10,1903±23,2960±35
Mg III,0,0,0,0,0,(6.0±0.1)10^-24,(4.0±0.1)10^-17,(2.3±0.2)10^-9,(1.1±0.1)10^-7
Al I,(1.4±0.0)10^-3,(4.4±0.1)10^-3,(3.0±0.1)10^-2,1.76±0.06,66.6±2.0,313±8,874±22,1085±28,1297±34
Al II,(3.8±0.1)10^-9,(1.4±0.0)10^-8,(3.0±0.1)10^-6,(6.3±0.1)10^-4,(6.7±0.1)10^-1,94.8±1.7,885±15,2540±36,4994±69
Al III,(3.0±0.0)10^-8,(2.0±0.0)10^-7,(8.6±0.1)10^-5,(3.1±0.0)10^-2,18.8±0.3,195±3,570±9,1137±16,1742±24
Si I,(1.4±0.0)10^-5,(7.4±0.2)10^-5,(4.7±0.1)10^-4,(3.4±0.1)10^-2,16.7±0.5,219±8,977±35,1618±56,2247±78
Si II,(3.3±0.3)10^-10,(5.8±0.4)10^-9,(1.7±0.1)10^-7,(2.6±0.2)10^-5,(5.0±0.5)10^-2,11.3±1.0,151±9,796±35,2402±98
Si III,(2.5±0.1)10^-14,(1.3±0.0)10^-13,(1.8±0.1)10^-11,(1.3±0.0)10^-6,(6.0±0.2)10^-4,(3.1±0.1)10^-1,26.9±0.6,194±4,488±9
P I,(1.5±0.1)10^-7,(1.6±0.2)10^-6,(6.3±0.8)10^-5,(1.1±0.1)10^-2,4.66±0.50,70.2±7.4,333±32,608±54,916±79
P II,(1.1±0.3)10^-10,(2.7±0.6)10^-10,(2.0±0.3)10^-9,(8.3±0.9)10^-7,(8.9±1.2)10^-3,2.09±0.20,19.9±1.9,50.1±4.3,102±9
P III,(3.0±1.0)10^-14,(1.1±0.4)10^-13,(8.9±3.1)10^-12,(2.9±1.0)10^-8,(5.6±2.3)10^-4,1.90±0.84,12.4±5.4,33.5±14.5,56.8±23.8
S I,(7.0±0.7)10^-8,(7.9±0.8)10^-7,(8.3±0.7)10^-6,(4.0±0.3)10^-4,(6.1±0.6)10^-1,55.7±2.9,396±19,866±50,1563±128
S II,(7.3±0.8)10^-10,(2.0±0.2)10^-9,(7.4±1.0)10^-9,(6.7±0.7)10^-8,(9.8±2.5)10^-5,(3.0±0.8)10^-1,14.8±2.9,72.9±8.3,210±21
S III,(6.0±0.8)10^-9,(9.3±1.2)10^-9,(1.8±0.2)10^-8,(9.2±0.8)10^-8,(5.1±0.8)10^-5,(2.7±0.2)10^-3,2.66±0.13,17.4±0.7,58.6±2.0
Cl I,(1.3±0.2)10^-10,(3.6±0.5)10^-9,(7.1±1.0)10^-8,(6.6±0.9)10^-6,(4.0±0.3)10^-3,9.34±1.06,96.8±9.8,263±26,524±51
Cl II,(9.2±1.9)10^-9,(1.4±0.3)10^-8,(2.8±0.6)10^-8,(8.2±1.5)10^-8,(1.5±0.1)10^-6,(3.6±0.3)10^-4,2.19±0.35,11.8±1.7,31.5±4.3
Cl III,(5.6±0.6)10^-10,(1.9±0.3)10^-9,(8.2±1.4)10^-9,(4.7±0.7)10^-8,(9.1±2.2)10^-7,(3.5±1.1)10^-3,23.6±7.8,254±81,838±259
Ar I,(2.3±0.1)10^-13,(1.6±0.0)10^-11,(6.3±0.2)10^-10,(1.7±0.0)10^-7,(1.6±0.0)10^-4,(1.2±0.0)10^-2,16.7±0.2,144±1,442±4
Ar II,(3.1±0.0)10^-21,(1.7±0.0)10^-18,(4.2±0.1)10^-16,(7.8±1.9)10^-11,(3.0±0.0)10^-8,(1.8±0.1)10^-5,(3.0±0.1)10^-3,(2.9±0.7)10^-1,1.54±0.40
Ar III,(1.1±0.2)10^-8,(2.1±0.4)10^-8,(4.3±0.9)10^-8,(1.5±0.3)10^-7,(5.4±1.0)10^-7,(4.5±0.5)10^-6,(3.2±0.4)10^-4,(1.7±0.2)10^-2,(1.2±0.1)10^-1
K I,1.54±0.00,2.74±0.01,8.20±0.02,63.3±0.1,217±0,402±1,547±2,552±2,560±2
K II,(1.1±0.0)10^-24,(2.0±0.0)10^-21,(1.5±0.0)10^-18,(6.2±0.0)10^-10,(3.2±0.0)10^-9,(4.2±0.0)10^-6,(2.3±0.0)10^-3,(3.0±0.0)10^-1,2.27±0.00
K III,(5.2±0.2)10^-8,(6.2±0.2)10^-8,(8.4±0.3)10^-8,(1.5±0.0)10^-7,(2.8±0.1)10^-7,(5.0±0.1)10^-7,(1.2±0.0)10^-5,(4.1±0.0)10^-3,(4.2±0.0)10^-2
Ca I,(2.1±0.1)10^-2,(7.2±0.5)10^-2,(5.7±0.3)10^-1,17.8±0.9,366±17,1170±53,2095±94,2578±122,2977±142
Ca II,(5.3±0.7)10^-3,(1.2±0.2)10^-2,(4.7±0.6)10^-2,1.17±0.16,52.9±9.1,386±74,901±139,1253±150,1636±168
Ca III,0,0,(1.1±0.1)10^-30,(6.4±1.6)10^-15,(1.5±0.0)10^-16,(2.7±0.1)10^-11,(2.0±0.1)10^-7,(2.5±0.1)10^-4,(4.3±0.2)10^-3
Sc I,(1.1±0.0)10^-1,(3.6±0.0)10^-1,2.46±0.04,32.8±0.7,206±4,569±10,884±14,901±12,969±13
Sc II,(2.1±0.0)10^-2,(4.8±0.1)10^-2,(2.3±0.0)10^-1,6.24±0.09,58.5±0.8,212±3,568±11,829±20,1064±29
Sc III,(5.6±1.4)10^-9,(7.2±1.9)10^-8,(2.4±0.6)10^-6,(4.6±1.0)10^-4,(2.2±0.5)10^-1,13.7±4.6,78.0±24.0,174±48,292±77
Ti I,(3.2±0.1)10^-2,(8.6±0.1)10^-2,(6.2±0.1)10^-1,14.1±0.3,107±2,305±6,542±11,566±12,619±13
Ti II,(4.3±0.1)10^-3,(1.0±0.0)10^-2,(6.4±0.1)10^-2,1.45±0.02,33.3±0.6,136±3,428±7,657±11,859±16
Ti III,(2.6±0.5)10^-9,(4.9±0.8)10^-9,(8.5±2.1)10^-8,(1.4±0.3)10^-5,(1.0±0.2)10^-2,5.34±0.84,44.9±6.8,113±16,213±28
V I,(5.2±0.0)10^-2,(1.5±0.0)10^-1,1.08±0.01,16.2±0.1,119±1,362±3,699±6,805±8,915±10
V II,(1.7±0.0)10^-3,(5.8±0.1)10^-3,(5.2±0.1)10^-2,1.46±0.01,22.7±0.2,119±1,450±4,760±7,1063±10
V III,(1.4±0.3)10^-5,(6.1±1.1)10^-5,(4.1±0.8)10^-3,(2.0±0.4)10^-1,12.6±2.1,107±16,454±62,834±109,1253±161
Cr I,(8.8±0.2)10^-3,(2.2±0.1)10^-2,(1.7±0.0)10^-1,6.99±0.18,83.3±2.0,243±5,467±11,506±13,571±15
Cr II,(1.7±0.2)10^-5,(9.7±1.2)10^-5,(1.3±0.2)10^-3,(7.2±0.7)10^-2,5.08±0.38,33.1±2.2,112±8,159±11,207±15
Cr III,-,-,-,-,-,-,-,-,-
Mn I,(1.6±0.1)10^-3,(4.8±0.2)10^-3,(3.9±0.2)10^-2,2.21±0.11,44.5±2.0,209±10,527±29,674±33,808±39
Mn II,(1.2±0.0)10^-4,(4.4±0.0)10^-4,(4.2±0.0)10^-3,(1.5±0.0)10^-1,13.7±0.1,98.4±1.1,390±5,694±11,1031±18
Mn III,-,-,-,-,-,-,-,-,-
Fe I,(7.9±0.1)10^-4,(2.2±0.0)10^-3,(1.4±0.0)10^-2,(10.0±0.0)10^-1,44.8±0.4,212±2,566±6,695±7,822±8
Fe II,(3.5±0.1)10^-5,(1.2±0.0)10^-4,(9.7±0.1)10^-4,(2.7±0.0)10^-2,5.10±0.06,68.4±0.7,346±3,715±6,1127±10
Fe III,(2.1±0.1)10^-9,(5.1±0.3)10^-9,(2.0±0.1)10^-8,(4.6±0.4)10^-6,(1.7±0.1)10^-2,(5.7±0.4)10^-1,10.6±0.9,44.6±2.3,105±5
