planet,species,z_exobase_km,knudsen,lambda_mfp_km,mass_amu,radius_AA,z_max_km,H0_km
alkali_exosphere_rocky,H I,545,1.0,80,1.008,1.2,6517,65.2
alkali_exosphere_rocky,He I,555,1.0,80,4.003,1.43,6517,65.2
alkali_exosphere_rocky,H2,556,1.0,80,2.016,1.45,6517,65.2
alkali_exosphere_rocky,F I,557,1.0,80,18.998,1.47,6517,65.2
alkali_exosphere_rocky,O I,558,1.0,80,15.999,1.5,6517,65.2
alkali_exosphere_rocky,Be I,559,1.0,80,9.012,1.53,6517,65.2
alkali_exosphere_rocky,Ne I,560,1.0,80,20.18,1.54,6517,65.2
alkali_exosphere_rocky,N I,565,1.0,81,14.007,1.66,6517,65.2
alkali_exosphere_rocky,Cl I,568,1.0,80,35.45,1.75,6517,65.2
alkali_exosphere_rocky,OH,568,1.0,80,17.007,1.75,6517,65.2
alkali_exosphere_rocky,C I,569,1.0,80,12.011,1.77,6517,65.2
alkali_exosphere_rocky,Li I,571,1.0,80,6.94,1.82,6517,65.2
alkali_exosphere_rocky,Ar I,574,1.0,81,39.948,1.88,6517,65.2
alkali_exosphere_rocky,P I,574,1.0,81,30.974,1.9,6517,65.2
alkali_exosphere_rocky,S I,574,1.0,81,32.06,1.89,6517,65.2
alkali_exosphere_rocky,B I,575,1.0,80,10.81,1.92,6517,65.2
alkali_exosphere_rocky,CH4,578,1.0,81,16.042,2.0,6517,65.2
alkali_exosphere_rocky,O2,580,1.0,81,31.999,2.05,6517,65.2
alkali_exosphere_rocky,CO,582,1.0,81,28.01,2.1,6517,65.2
alkali_exosphere_rocky,NO,584,1.0,81,30.006,2.15,6517,65.2
alkali_exosphere_rocky,Si I,585,1.0,81,28.085,2.19,6517,65.2
alkali_exosphere_rocky,NH3,586,1.0,81,17.031,2.2,6517,65.2
alkali_exosphere_rocky,SO,586,1.0,81,48.059,2.2,6517,65.2
alkali_exosphere_rocky,SiO,586,1.0,81,44.084,2.2,6517,65.2
alkali_exosphere_rocky,Al I,587,1.0,81,26.982,2.25,6517,65.2
alkali_exosphere_rocky,HCN,587,1.0,81,27.026,2.25,6517,65.2
alkali_exosphere_rocky,CO2,589,1.0,81,44.01,2.3,6517,65.2
alkali_exosphere_rocky,TiO,589,1.0,81,63.866,2.3,6517,65.2
alkali_exosphere_rocky,PH3,591,1.0,81,33.998,2.35,6517,65.2
alkali_exosphere_rocky,C3,593,1.0,81,36.033,2.4,6517,65.2
alkali_exosphere_rocky,V I,594,1.0,81,50.941,2.42,6517,65.2
alkali_exosphere_rocky,Cr I,594,1.0,81,51.996,2.45,6517,65.2
alkali_exosphere_rocky,Fe I,594,1.0,81,55.845,2.44,6517,65.2
alkali_exosphere_rocky,Mn I,594,1.0,81,54.938,2.45,6517,65.2
alkali_exosphere_rocky,Ti I,595,1.0,81,47.867,2.46,6517,65.2
alkali_exosphere_rocky,Mg I,596,1.0,81,24.305,2.51,6517,65.2
alkali_exosphere_rocky,Na I,596,1.0,81,22.99,2.5,6517,65.2
alkali_exosphere_rocky,OCS,598,1.0,81,60.075,2.55,6517,65.2
alkali_exosphere_rocky,Sc I,599,1.0,81,44.956,2.58,6517,65.2
alkali_exosphere_rocky,Ca I,600,1.0,81,40.078,2.62,6517,65.2
alkali_exosphere_rocky,SO2,602,1.0,82,64.066,2.65,6517,65.2
alkali_exosphere_rocky,K I,604,1.0,82,39.098,2.73,6517,65.2
alkali_exosphere_rocky,H2O,605,1.0,82,18.015,2.75,6517,65.2
alkali_exosphere_rocky,NaCl,606,1.0,81,58.443,2.8,6517,65.2
alkali_exosphere_rocky,H2S,609,1.0,82,34.081,2.9,6517,65.2
cold_jupiter,H I,460,1.0,24,1.008,1.2,2387,23.9
cold_jupiter,He I,464,1.0,24,4.003,1.43,2387,23.9
cold_jupiter,H2,464,1.0,24,2.016,1.45,2387,23.9
cold_jupiter,F I,465,1.0,24,18.998,1.47,2387,23.9
cold_jupiter,O I,465,1.0,24,15.999,1.5,2387,23.9
cold_jupiter,Be I,466,1.0,24,9.012,1.53,2387,23.9
cold_jupiter,Ne I,466,1.0,24,20.18,1.54,2387,23.9
cold_jupiter,N I,468,1.0,24,14.007,1.66,2387,23.9
cold_jupiter,Cl I,469,1.0,24,35.45,1.75,2387,23.9
cold_jupiter,OH,469,1.0,24,17.007,1.75,2387,23.9
cold_jupiter,C I,469,1.0,24,12.011,1.77,2387,23.9
cold_jupiter,Li I,470,1.0,24,6.94,1.82,2387,23.9
cold_jupiter,Ar I,471,1.0,24,39.948,1.88,2387,23.9
cold_jupiter,P I,471,1.0,24,30.974,1.9,2387,23.9
cold_jupiter,S I,471,1.0,24,32.06,1.89,2387,23.9
cold_jupiter,B I,472,1.0,24,10.81,1.92,2387,23.9
cold_jupiter,CH4,473,1.0,24,16.042,2.0,2387,23.9
cold_jupiter,O2,474,1.0,24,31.999,2.05,2387,23.9
cold_jupiter,CO,474,1.0,24,28.01,2.1,2387,23.9
cold_jupiter,NO,475,1.0,24,30.006,2.15,2387,23.9
cold_jupiter,Si I,475,1.0,24,28.085,2.19,2387,23.9
cold_jupiter,NH3,476,1.0,24,17.031,2.2,2387,23.9
cold_jupiter,SO,476,1.0,24,48.059,2.2,2387,23.9
cold_jupiter,SiO,476,1.0,24,44.084,2.2,2387,23.9
cold_jupiter,Al I,476,1.0,24,26.982,2.25,2387,23.9
cold_jupiter,HCN,476,1.0,24,27.026,2.25,2387,23.9
cold_jupiter,CO2,477,1.0,24,44.01,2.3,2387,23.9
cold_jupiter,TiO,477,1.0,24,63.866,2.3,2387,23.9
cold_jupiter,PH3,478,1.0,24,33.998,2.35,2387,23.9
cold_jupiter,C3,478,1.0,24,36.033,2.4,2387,23.9
cold_jupiter,V I,479,1.0,24,50.941,2.42,2387,23.9
cold_jupiter,Cr I,479,1.0,24,51.996,2.45,2387,23.9
cold_jupiter,Fe I,479,1.0,24,55.845,2.44,2387,23.9
cold_jupiter,Mn I,479,1.0,24,54.938,2.45,2387,23.9
cold_jupiter,Ti I,479,1.0,24,47.867,2.46,2387,23.9
cold_jupiter,Na I,480,1.0,24,22.99,2.5,2387,23.9
cold_jupiter,Mg I,480,1.0,24,24.305,2.51,2387,23.9
cold_jupiter,OCS,480,1.0,24,60.075,2.55,2387,23.9
cold_jupiter,Sc I,480,1.0,24,44.956,2.58,2387,23.9
cold_jupiter,Ca I,481,1.0,24,40.078,2.62,2387,23.9
cold_jupiter,SO2,481,1.0,24,64.066,2.65,2387,23.9
cold_jupiter,K I,482,1.0,24,39.098,2.73,2387,23.9
cold_jupiter,H2O,483,1.0,24,18.015,2.75,2387,23.9
cold_jupiter,NaCl,483,1.0,24,58.443,2.8,2387,23.9
cold_jupiter,H2S,484,1.0,24,34.081,2.9,2387,23.9
earth_like,H I,217,1.0,9,1.008,1.2,1000,8.4
earth_like,He I,218,1.0,9,4.003,1.43,1000,8.4
earth_like,H2,218,1.01,9,2.016,1.45,1000,8.4
earth_like,F I,219,1.0,9,18.998,1.47,1000,8.4
earth_like,O I,219,1.0,9,15.999,1.5,1000,8.4
earth_like,Be I,219,1.0,9,9.012,1.53,1000,8.4
earth_like,Ne I,219,0.99,9,20.18,1.54,1000,8.4
earth_like,N I,220,1.0,9,14.007,1.66,1000,8.4
earth_like,Cl I,220,1.0,9,35.45,1.75,1000,8.4
earth_like,OH,220,1.0,9,17.007,1.75,1000,8.4
earth_like,C I,220,1.0,9,12.011,1.77,1000,8.4
earth_like,Li I,220,1.0,9,6.94,1.82,1000,8.4
earth_like,Ar I,221,1.0,9,39.948,1.88,1000,8.4
earth_like,P I,221,1.0,9,30.974,1.9,1000,8.4
earth_like,S I,221,1.0,9,32.06,1.89,1000,8.4
earth_like,B I,221,1.0,9,10.81,1.92,1000,8.4
earth_like,CH4,221,1.0,9,16.042,2.0,1000,8.4
earth_like,O2,221,1.0,9,31.999,2.05,1000,8.4
earth_like,CO,222,1.0,9,28.01,2.1,1000,8.4
earth_like,NO,222,1.0,9,30.006,2.15,1000,8.4
earth_like,NH3,222,1.0,9,17.031,2.2,1000,8.4
earth_like,SO,222,1.0,9,48.059,2.2,1000,8.4
earth_like,Si I,222,1.0,9,28.085,2.19,1000,8.4
earth_like,SiO,222,1.0,9,44.084,2.2,1000,8.4
earth_like,Al I,222,1.0,9,26.982,2.25,1000,8.4
earth_like,HCN,222,1.0,9,27.026,2.25,1000,8.4
earth_like,CO2,223,1.0,9,44.01,2.3,1000,8.4
earth_like,TiO,223,1.0,9,63.866,2.3,1000,8.4
earth_like,PH3,223,1.0,9,33.998,2.35,1000,8.4
earth_like,C3,223,1.0,9,36.033,2.4,1000,8.4
earth_like,V I,223,1.0,9,50.941,2.42,1000,8.4
earth_like,Cr I,223,1.0,9,51.996,2.45,1000,8.4
earth_like,Fe I,223,1.0,9,55.845,2.44,1000,8.4
earth_like,Mn I,223,1.0,9,54.938,2.45,1000,8.4
earth_like,Ti I,223,1.0,9,47.867,2.46,1000,8.4
earth_like,Na I,223,0.99,9,22.99,2.5,1000,8.4
earth_like,Mg I,224,1.0,9,24.305,2.51,1000,8.4
earth_like,OCS,224,1.0,9,60.075,2.55,1000,8.4
earth_like,Sc I,224,1.0,9,44.956,2.58,1000,8.4
earth_like,Ca I,224,0.99,9,40.078,2.62,1000,8.4
earth_like,SO2,224,1.0,9,64.066,2.65,1000,8.4
earth_like,K I,224,1.0,9,39.098,2.73,1000,8.4
earth_like,H2O,225,1.0,9,18.015,2.75,1000,8.4
earth_like,NaCl,225,1.0,9,58.443,2.8,1000,8.4
earth_like,H2S,225,1.0,9,34.081,2.9,1000,8.4
hot_jupiter,H I,7034,1.0,381,1.008,1.2,32669,326.7
hot_jupiter,He I,7100,1.0,383,4.003,1.43,32669,326.7
hot_jupiter,H2,7103,1.0,382,2.016,1.45,32669,326.7
hot_jupiter,F I,7110,1.0,383,18.998,1.47,32669,326.7
hot_jupiter,O I,7116,1.0,382,15.999,1.5,32669,326.7
hot_jupiter,Be I,7126,1.0,384,9.012,1.53,32669,326.7
hot_jupiter,Ne I,7129,1.0,385,20.18,1.54,32669,326.7
hot_jupiter,N I,7159,1.0,384,14.007,1.66,32669,326.7
hot_jupiter,Cl I,7178,1.0,382,35.45,1.75,32669,326.7
hot_jupiter,OH,7178,1.0,382,17.007,1.75,32669,326.7
hot_jupiter,C I,7185,1.0,384,12.011,1.77,32669,326.7
hot_jupiter,Li I,7198,1.0,385,6.94,1.82,32669,326.7
hot_jupiter,Ar I,7211,1.0,384,39.948,1.88,32669,326.7
hot_jupiter,P I,7214,1.0,383,30.974,1.9,32669,326.7
hot_jupiter,S I,7214,1.0,385,32.06,1.89,32669,326.7
hot_jupiter,B I,7221,1.0,385,10.81,1.92,32669,326.7
hot_jupiter,CH4,7237,1.0,384,16.042,2.0,32669,326.7
hot_jupiter,O2,7250,1.0,386,31.999,2.05,32669,326.7
hot_jupiter,CO,7260,1.0,385,28.01,2.1,32669,326.7
hot_jupiter,NO,7270,1.0,384,30.006,2.15,32669,326.7
hot_jupiter,NH3,7279,1.0,383,17.031,2.2,32669,326.7
hot_jupiter,SO,7279,1.0,383,48.059,2.2,32669,326.7
hot_jupiter,Si I,7279,1.0,385,28.085,2.19,32669,326.7
hot_jupiter,SiO,7279,1.0,383,44.084,2.2,32669,326.7
hot_jupiter,Al I,7293,1.0,386,26.982,2.25,32669,326.7
hot_jupiter,HCN,7293,1.0,386,27.026,2.25,32669,326.7
hot_jupiter,CO2,7302,1.0,385,44.01,2.3,32669,326.7
hot_jupiter,TiO,7302,1.0,385,63.866,2.3,32669,326.7
hot_jupiter,PH3,7312,1.0,385,33.998,2.35,32669,326.7
hot_jupiter,C3,7322,1.0,385,36.033,2.4,32669,326.7
hot_jupiter,V I,7325,1.0,384,50.941,2.42,32669,326.7
hot_jupiter,Fe I,7328,1.0,384,55.845,2.44,32669,326.7
hot_jupiter,Cr I,7332,1.0,385,51.996,2.45,32669,326.7
hot_jupiter,Mn I,7332,1.0,385,54.938,2.45,32669,326.7
hot_jupiter,Ti I,7335,1.0,386,47.867,2.46,32669,326.7
hot_jupiter,Na I,7342,1.0,385,22.99,2.5,32669,326.7
hot_jupiter,Mg I,7345,1.0,386,24.305,2.51,32669,326.7
hot_jupiter,OCS,7351,1.0,385,60.075,2.55,32669,326.7
hot_jupiter,Sc I,7358,1.0,386,44.956,2.58,32669,326.7
hot_jupiter,Ca I,7364,1.0,385,40.078,2.62,32669,326.7
hot_jupiter,SO2,7371,1.0,386,64.066,2.65,32669,326.7
hot_jupiter,K I,7384,1.0,384,39.098,2.73,32669,326.7
hot_jupiter,H2O,7391,1.0,387,18.015,2.75,32669,326.7
hot_jupiter,NaCl,7397,1.0,384,58.443,2.8,32669,326.7
hot_jupiter,H2S,7417,1.0,386,34.081,2.9,32669,326.7
hot_neptune,H I,10495,1.0,781,1.008,1.2,40930,409.3
hot_neptune,He I,10626,1.0,790,4.003,1.43,40930,409.3
hot_neptune,H2,10635,1.0,788,2.016,1.45,40930,409.3
hot_neptune,F I,10647,1.0,790,18.998,1.47,40930,409.3
hot_neptune,O I,10663,1.0,791,15.999,1.5,40930,409.3
hot_neptune,Be I,10676,1.0,788,9.012,1.53,40930,409.3
hot_neptune,Ne I,10684,1.0,792,20.18,1.54,40930,409.3
hot_neptune,N I,10745,1.0,794,14.007,1.66,40930,409.3
hot_neptune,Cl I,10786,1.0,793,35.45,1.75,40930,409.3
hot_neptune,OH,10786,1.0,793,17.007,1.75,40930,409.3
hot_neptune,C I,10798,1.0,796,12.011,1.77,40930,409.3
hot_neptune,Li I,10823,1.0,797,6.94,1.82,40930,409.3
hot_neptune,Ar I,10852,1.0,798,39.948,1.88,40930,409.3
hot_neptune,S I,10856,1.0,798,32.06,1.89,40930,409.3
hot_neptune,P I,10860,1.0,797,30.974,1.9,40930,409.3
hot_neptune,B I,10868,1.0,797,10.81,1.92,40930,409.3
hot_neptune,CH4,10905,1.0,798,16.042,2.0,40930,409.3
hot_neptune,O2,10929,1.0,800,31.999,2.05,40930,409.3
hot_neptune,CO,10954,1.0,803,28.01,2.1,40930,409.3
hot_neptune,NO,10974,1.0,803,30.006,2.15,40930,409.3
hot_neptune,Si I,10991,1.0,802,28.085,2.19,40930,409.3
hot_neptune,NH3,10995,1.0,802,17.031,2.2,40930,409.3
hot_neptune,SO,10995,1.0,802,48.059,2.2,40930,409.3
hot_neptune,SiO,10995,1.0,802,44.084,2.2,40930,409.3
hot_neptune,Al I,11019,1.0,806,26.982,2.25,40930,409.3
hot_neptune,HCN,11019,1.0,806,27.026,2.25,40930,409.3
hot_neptune,CO2,11040,1.0,805,44.01,2.3,40930,409.3
hot_neptune,TiO,11040,1.0,805,63.866,2.3,40930,409.3
hot_neptune,PH3,11060,1.0,806,33.998,2.35,40930,409.3
hot_neptune,C3,11081,1.0,806,36.033,2.4,40930,409.3
hot_neptune,V I,11089,1.0,806,50.941,2.42,40930,409.3
hot_neptune,Fe I,11097,1.0,806,55.845,2.44,40930,409.3
hot_neptune,Cr I,11101,1.0,806,51.996,2.45,40930,409.3
hot_neptune,Mn I,11101,1.0,806,54.938,2.45,40930,409.3
hot_neptune,Ti I,11105,1.0,807,47.867,2.46,40930,409.3
hot_neptune,Na I,11122,1.0,807,22.99,2.5,40930,409.3
hot_neptune,Mg I,11126,1.0,807,24.305,2.51,40930,409.3
hot_neptune,OCS,11142,1.0,808,60.075,2.55,40930,409.3
hot_neptune,Sc I,11154,1.0,809,44.956,2.58,40930,409.3
hot_neptune,Ca I,11171,1.0,810,40.078,2.62,40930,409.3
hot_neptune,SO2,11183,1.0,811,64.066,2.65,40930,409.3
hot_neptune,K I,11216,1.0,813,39.098,2.73,40930,409.3
hot_neptune,H2O,11224,1.0,814,18.015,2.75,40930,409.3
hot_neptune,NaCl,11240,1.0,812,58.443,2.8,40930,409.3
hot_neptune,H2S,11281,1.0,816,34.081,2.9,40930,409.3
inflated_hot_jupiter,H I,27856,1.0,1637,1.008,1.2,105786,1057.9
inflated_hot_jupiter,He I,28131,1.0,1646,4.003,1.43,105786,1057.9
inflated_hot_jupiter,H2,28152,1.0,1645,2.016,1.45,105786,1057.9
inflated_hot_jupiter,F I,28174,1.0,1644,18.998,1.47,105786,1057.9
inflated_hot_jupiter,O I,28205,1.0,1643,15.999,1.5,105786,1057.9
inflated_hot_jupiter,Be I,28237,1.0,1642,9.012,1.53,105786,1057.9
inflated_hot_jupiter,Ne I,28248,1.0,1642,20.18,1.54,105786,1057.9
inflated_hot_jupiter,N I,28385,1.0,1652,14.007,1.66,105786,1057.9
inflated_hot_jupiter,Cl I,28480,1.0,1655,35.45,1.75,105786,1057.9
inflated_hot_jupiter,OH,28480,1.0,1655,17.007,1.75,105786,1057.9
inflated_hot_jupiter,C I,28491,1.0,1646,12.011,1.77,105786,1057.9
inflated_hot_jupiter,Li I,28544,1.0,1649,6.94,1.82,105786,1057.9
inflated_hot_jupiter,Ar I,28607,1.0,1653,39.948,1.88,105786,1057.9
inflated_hot_jupiter,S I,28618,1.0,1654,32.06,1.89,105786,1057.9
inflated_hot_jupiter,P I,28629,1.0,1655,30.974,1.9,105786,1057.9
inflated_hot_jupiter,B I,28650,1.0,1657,10.81,1.92,105786,1057.9
inflated_hot_jupiter,CH4,28724,1.0,1654,16.042,2.0,105786,1057.9
inflated_hot_jupiter,O2,28777,1.0,1660,31.999,2.05,105786,1057.9
inflated_hot_jupiter,CO,28819,1.0,1656,28.01,2.1,105786,1057.9
inflated_hot_jupiter,NO,28872,1.0,1663,30.006,2.15,105786,1057.9
inflated_hot_jupiter,Si I,28904,1.0,1659,28.085,2.19,105786,1057.9
inflated_hot_jupiter,NH3,28914,1.0,1660,17.031,2.2,105786,1057.9
inflated_hot_jupiter,SO,28914,1.0,1660,48.059,2.2,105786,1057.9
inflated_hot_jupiter,SiO,28914,1.0,1660,44.084,2.2,105786,1057.9
inflated_hot_jupiter,Al I,28957,1.0,1658,26.982,2.25,105786,1057.9
inflated_hot_jupiter,HCN,28957,1.0,1658,27.026,2.25,105786,1057.9
inflated_hot_jupiter,CO2,29009,1.0,1667,44.01,2.3,105786,1057.9
inflated_hot_jupiter,TiO,29009,1.0,1667,63.866,2.3,105786,1057.9
inflated_hot_jupiter,PH3,29052,1.0,1666,33.998,2.35,105786,1057.9
inflated_hot_jupiter,C3,29094,1.0,1665,36.033,2.4,105786,1057.9
inflated_hot_jupiter,V I,29115,1.0,1669,50.941,2.42,105786,1057.9
inflated_hot_jupiter,Fe I,29126,1.0,1663,55.845,2.44,105786,1057.9
inflated_hot_jupiter,Cr I,29136,1.0,1665,51.996,2.45,105786,1057.9
inflated_hot_jupiter,Mn I,29136,1.0,1665,54.938,2.45,105786,1057.9
inflated_hot_jupiter,Ti I,29147,1.0,1667,47.867,2.46,105786,1057.9
inflated_hot_jupiter,Na I,29179,1.0,1665,22.99,2.5,105786,1057.9
inflated_hot_jupiter,Mg I,29189,1.0,1668,24.305,2.51,105786,1057.9
inflated_hot_jupiter,OCS,29221,1.0,1666,60.075,2.55,105786,1057.9
inflated_hot_jupiter,Sc I,29242,1.0,1663,44.956,2.58,105786,1057.9
inflated_hot_jupiter,Ca I,29285,1.0,1673,40.078,2.62,105786,1057.9
inflated_hot_jupiter,SO2,29306,1.0,1670,64.066,2.65,105786,1057.9
inflated_hot_jupiter,K I,29369,1.0,1669,39.098,2.73,105786,1057.9
inflated_hot_jupiter,H2O,29390,1.0,1675,18.015,2.75,105786,1057.9
inflated_hot_jupiter,NaCl,29422,1.0,1667,58.443,2.8,105786,1057.9
inflated_hot_jupiter,H2S,29507,1.0,1675,34.081,2.9,105786,1057.9
lava_world,H I,431,1.0,26,1.008,1.2,2407,24.1
lava_world,He I,434,1.0,26,4.003,1.43,2407,24.1
lava_world,H2,434,1.0,26,2.016,1.45,2407,24.1
lava_world,F I,435,1.0,26,18.998,1.47,2407,24.1
lava_world,O I,435,1.0,26,15.999,1.5,2407,24.1
lava_world,Be I,436,1.0,26,9.012,1.53,2407,24.1
lava_world,Ne I,436,1.0,26,20.18,1.54,2407,24.1
lava_world,N I,437,1.0,26,14.007,1.66,2407,24.1
lava_world,Cl I,439,1.0,26,35.45,1.75,2407,24.1
lava_world,OH,439,1.0,26,17.007,1.75,2407,24.1
lava_world,C I,439,1.0,26,12.011,1.77,2407,24.1
lava_world,Li I,440,1.0,26,6.94,1.82,2407,24.1
lava_world,Ar I,440,1.0,26,39.948,1.88,2407,24.1
lava_world,S I,440,1.0,26,32.06,1.89,2407,24.1
lava_world,P I,440,1.0,26,30.974,1.9,2407,24.1
lava_world,B I,441,1.0,26,10.81,1.92,2407,24.1
lava_world,CH4,442,1.0,26,16.042,2.0,2407,24.1
lava_world,O2,442,1.0,26,31.999,2.05,2407,24.1
lava_world,CO,443,1.0,26,28.01,2.1,2407,24.1
lava_world,NO,443,1.0,26,30.006,2.15,2407,24.1
lava_world,Si I,444,1.0,26,28.085,2.19,2407,24.1
lava_world,NH3,444,1.0,26,17.031,2.2,2407,24.1
lava_world,SO,444,1.0,26,48.059,2.2,2407,24.1
lava_world,SiO,444,1.0,26,44.084,2.2,2407,24.1
lava_world,Al I,445,1.0,26,26.982,2.25,2407,24.1
lava_world,HCN,445,1.0,26,27.026,2.25,2407,24.1
lava_world,CO2,445,1.0,26,44.01,2.3,2407,24.1
lava_world,TiO,445,1.0,26,63.866,2.3,2407,24.1
lava_world,PH3,446,1.0,26,33.998,2.35,2407,24.1
lava_world,C3,446,1.0,26,36.033,2.4,2407,24.1
lava_world,V I,447,1.0,26,50.941,2.42,2407,24.1
lava_world,Cr I,447,1.0,26,51.996,2.45,2407,24.1
lava_world,Fe I,447,1.0,26,55.845,2.44,2407,24.1
lava_world,Mn I,447,1.0,26,54.938,2.45,2407,24.1
lava_world,Ti I,447,1.0,26,47.867,2.46,2407,24.1
lava_world,Mg I,447,1.0,26,24.305,2.51,2407,24.1
lava_world,Na I,447,1.0,26,22.99,2.5,2407,24.1
lava_world,OCS,448,1.0,26,60.075,2.55,2407,24.1
lava_world,Sc I,448,1.0,26,44.956,2.58,2407,24.1
lava_world,Ca I,449,1.0,26,40.078,2.62,2407,24.1
lava_world,SO2,449,1.0,26,64.066,2.65,2407,24.1
lava_world,K I,450,1.0,26,39.098,2.73,2407,24.1
lava_world,H2O,450,1.0,26,18.015,2.75,2407,24.1
lava_world,NaCl,451,1.0,26,58.443,2.8,2407,24.1
lava_world,H2S,452,1.0,26,34.081,2.9,2407,24.1
mars_like,H I,243,1.0,13,1.008,1.2,1096,11.0
mars_like,He I,245,1.0,13,4.003,1.43,1096,11.0
mars_like,H2,245,1.0,13,2.016,1.45,1096,11.0
mars_like,F I,245,1.0,13,18.998,1.47,1096,11.0
mars_like,O I,245,1.0,13,15.999,1.5,1096,11.0
mars_like,Be I,246,1.0,13,9.012,1.53,1096,11.0
mars_like,Ne I,246,1.0,13,20.18,1.54,1096,11.0
mars_like,N I,246,1.0,13,14.007,1.66,1096,11.0
mars_like,Cl I,247,1.0,13,35.45,1.75,1096,11.0
mars_like,OH,247,1.0,13,17.007,1.75,1096,11.0
mars_like,C I,247,1.0,13,12.011,1.77,1096,11.0
mars_like,Li I,247,1.0,13,6.94,1.82,1096,11.0
mars_like,Ar I,248,1.0,13,39.948,1.88,1096,11.0
mars_like,P I,248,1.0,13,30.974,1.9,1096,11.0
mars_like,S I,248,1.0,13,32.06,1.89,1096,11.0
mars_like,B I,248,1.0,13,10.81,1.92,1096,11.0
mars_like,CH4,249,1.0,13,16.042,2.0,1096,11.0
mars_like,O2,249,1.0,13,31.999,2.05,1096,11.0
mars_like,CO,249,1.0,13,28.01,2.1,1096,11.0
mars_like,NO,249,1.0,13,30.006,2.15,1096,11.0
mars_like,NH3,250,1.0,13,17.031,2.2,1096,11.0
mars_like,SO,250,1.0,13,48.059,2.2,1096,11.0
mars_like,Si I,250,1.0,13,28.085,2.19,1096,11.0
mars_like,SiO,250,1.0,13,44.084,2.2,1096,11.0
mars_like,Al I,250,1.0,13,26.982,2.25,1096,11.0
mars_like,HCN,250,1.0,13,27.026,2.25,1096,11.0
mars_like,CO2,250,1.0,13,44.01,2.3,1096,11.0
mars_like,TiO,250,1.0,13,63.866,2.3,1096,11.0
mars_like,PH3,250,1.0,13,33.998,2.35,1096,11.0
mars_like,C3,251,1.0,13,36.033,2.4,1096,11.0
mars_like,V I,251,1.0,13,50.941,2.42,1096,11.0
mars_like,Fe I,251,1.0,13,55.845,2.44,1096,11.0
mars_like,Cr I,251,1.0,13,51.996,2.45,1096,11.0
mars_like,Mn I,251,1.0,13,54.938,2.45,1096,11.0
mars_like,Ti I,251,1.0,13,47.867,2.46,1096,11.0
mars_like,Na I,251,1.0,13,22.99,2.5,1096,11.0
mars_like,Mg I,251,1.0,13,24.305,2.51,1096,11.0
mars_like,OCS,252,1.0,13,60.075,2.55,1096,11.0
mars_like,Sc I,252,1.0,13,44.956,2.58,1096,11.0
mars_like,Ca I,252,1.0,13,40.078,2.62,1096,11.0
mars_like,SO2,252,1.0,13,64.066,2.65,1096,11.0
mars_like,K I,252,1.0,13,39.098,2.73,1096,11.0
mars_like,H2O,253,1.0,13,18.015,2.75,1096,11.0
mars_like,NaCl,253,1.0,13,58.443,2.8,1096,11.0
mars_like,H2S,253,1.0,13,34.081,2.9,1096,11.0
mercury_like,H I,268,1.0,53,1.008,1.2,4330,43.3
mercury_like,He I,275,1.0,53,4.003,1.43,4330,43.3
mercury_like,H2,276,1.0,54,2.016,1.45,4330,43.3
mercury_like,F I,277,1.0,54,18.998,1.47,4330,43.3
mercury_like,O I,278,1.0,54,15.999,1.5,4330,43.3
mercury_like,Be I,279,1.0,54,9.012,1.53,4330,43.3
mercury_like,Ne I,279,1.0,54,20.18,1.54,4330,43.3
mercury_like,N I,283,1.0,54,14.007,1.66,4330,43.3
mercury_like,Cl I,286,1.0,54,35.45,1.75,4330,43.3
mercury_like,OH,286,1.0,54,17.007,1.75,4330,43.3
mercury_like,C I,286,1.0,54,12.011,1.77,4330,43.3
mercury_like,Li I,288,1.0,54,6.94,1.82,4330,43.3
mercury_like,Ar I,290,1.0,54,39.948,1.88,4330,43.3
mercury_like,P I,290,1.0,54,30.974,1.9,4330,43.3
mercury_like,S I,290,1.0,54,32.06,1.89,4330,43.3
mercury_like,B I,291,1.0,54,10.81,1.92,4330,43.3
mercury_like,CH4,293,1.0,54,16.042,2.0,4330,43.3
mercury_like,O2,295,1.0,55,31.999,2.05,4330,43.3
mercury_like,CO,296,1.0,55,28.01,2.1,4330,43.3
mercury_like,NO,297,1.0,54,30.006,2.15,4330,43.3
mercury_like,NH3,299,1.0,54,17.031,2.2,4330,43.3
mercury_like,SO,299,1.0,54,48.059,2.2,4330,43.3
mercury_like,Si I,299,1.0,55,28.085,2.19,4330,43.3
mercury_like,SiO,299,1.0,54,44.084,2.2,4330,43.3
mercury_like,Al I,300,1.0,54,26.982,2.25,4330,43.3
mercury_like,HCN,300,1.0,54,27.026,2.25,4330,43.3
mercury_like,CO2,302,1.0,55,44.01,2.3,4330,43.3
mercury_like,TiO,302,1.0,55,63.866,2.3,4330,43.3
mercury_like,PH3,303,1.0,55,33.998,2.35,4330,43.3
mercury_like,C3,304,1.0,55,36.033,2.4,4330,43.3
mercury_like,V I,305,1.0,55,50.941,2.42,4330,43.3
mercury_like,Fe I,305,1.0,55,55.845,2.44,4330,43.3
mercury_like,Cr I,306,1.0,55,51.996,2.45,4330,43.3
mercury_like,Mn I,306,1.0,55,54.938,2.45,4330,43.3
mercury_like,Ti I,306,1.0,55,47.867,2.46,4330,43.3
mercury_like,Mg I,307,1.0,55,24.305,2.51,4330,43.3
mercury_like,Na I,307,1.0,55,22.99,2.5,4330,43.3
mercury_like,OCS,308,1.0,55,60.075,2.55,4330,43.3
mercury_like,Sc I,309,1.0,55,44.956,2.58,4330,43.3
mercury_like,Ca I,310,1.0,55,40.078,2.62,4330,43.3
mercury_like,SO2,311,1.0,55,64.066,2.65,4330,43.3
mercury_like,K I,313,1.0,55,39.098,2.73,4330,43.3
mercury_like,H2O,313,1.0,55,18.015,2.75,4330,43.3
mercury_like,NaCl,314,1.0,55,58.443,2.8,4330,43.3
mercury_like,H2S,317,1.0,55,34.081,2.9,4330,43.3
metal_rich_secondary,H I,330,1.0,17,1.008,1.2,1616,16.2
metal_rich_secondary,He I,332,1.0,17,4.003,1.43,1616,16.2
metal_rich_secondary,H2,333,1.0,17,2.016,1.45,1616,16.2
metal_rich_secondary,F I,333,1.0,17,18.998,1.47,1616,16.2
metal_rich_secondary,O I,333,1.0,17,15.999,1.5,1616,16.2
metal_rich_secondary,Be I,333,1.0,17,9.012,1.53,1616,16.2
metal_rich_secondary,Ne I,333,1.0,17,20.18,1.54,1616,16.2
metal_rich_secondary,N I,334,1.0,17,14.007,1.66,1616,16.2
metal_rich_secondary,Cl I,335,1.0,17,35.45,1.75,1616,16.2
metal_rich_secondary,OH,335,1.0,17,17.007,1.75,1616,16.2
metal_rich_secondary,C I,335,1.0,17,12.011,1.77,1616,16.2
metal_rich_secondary,Li I,336,1.0,17,6.94,1.82,1616,16.2
metal_rich_secondary,Ar I,336,1.0,17,39.948,1.88,1616,16.2
metal_rich_secondary,P I,336,1.0,17,30.974,1.9,1616,16.2
metal_rich_secondary,S I,336,1.0,17,32.06,1.89,1616,16.2
metal_rich_secondary,B I,337,1.0,17,10.81,1.92,1616,16.2
metal_rich_secondary,CH4,337,1.0,17,16.042,2.0,1616,16.2
metal_rich_secondary,O2,338,1.0,17,31.999,2.05,1616,16.2
metal_rich_secondary,CO,338,1.0,17,28.01,2.1,1616,16.2
metal_rich_secondary,NO,338,1.0,17,30.006,2.15,1616,16.2
metal_rich_secondary,NH3,339,1.0,17,17.031,2.2,1616,16.2
metal_rich_secondary,SO,339,1.0,17,48.059,2.2,1616,16.2
metal_rich_secondary,Si I,339,1.0,17,28.085,2.19,1616,16.2
metal_rich_secondary,SiO,339,1.0,17,44.084,2.2,1616,16.2
metal_rich_secondary,Al I,339,1.0,17,26.982,2.25,1616,16.2
metal_rich_secondary,HCN,339,1.0,17,27.026,2.25,1616,16.2
metal_rich_secondary,CO2,340,1.0,17,44.01,2.3,1616,16.2
metal_rich_secondary,TiO,340,1.0,17,63.866,2.3,1616,16.2
metal_rich_secondary,PH3,340,1.0,17,33.998,2.35,1616,16.2
metal_rich_secondary,C3,340,1.0,17,36.033,2.4,1616,16.2
metal_rich_secondary,V I,341,1.0,17,50.941,2.42,1616,16.2
metal_rich_secondary,Cr I,341,1.0,17,51.996,2.45,1616,16.2
metal_rich_secondary,Fe I,341,1.0,17,55.845,2.44,1616,16.2
metal_rich_secondary,Mn I,341,1.0,17,54.938,2.45,1616,16.2
metal_rich_secondary,Ti I,341,1.0,17,47.867,2.46,1616,16.2
metal_rich_secondary,Na I,341,1.0,17,22.99,2.5,1616,16.2
metal_rich_secondary,Mg I,341,1.0,17,24.305,2.51,1616,16.2
metal_rich_secondary,OCS,342,1.0,17,60.075,2.55,1616,16.2
metal_rich_secondary,Sc I,342,1.0,17,44.956,2.58,1616,16.2
metal_rich_secondary,Ca I,342,1.0,17,40.078,2.62,1616,16.2
metal_rich_secondary,SO2,342,1.0,17,64.066,2.65,1616,16.2
metal_rich_secondary,K I,343,1.0,17,39.098,2.73,1616,16.2
metal_rich_secondary,H2O,343,1.0,17,18.015,2.75,1616,16.2
metal_rich_secondary,NaCl,343,1.0,17,58.443,2.8,1616,16.2
metal_rich_secondary,H2S,344,1.0,17,34.081,2.9,1616,16.2
mini_neptune_cool,H I,2315,1.0,149,1.008,1.2,11152,111.5
mini_neptune_cool,He I,2340,1.0,150,4.003,1.43,11152,111.5
mini_neptune_cool,H2,2342,1.0,150,2.016,1.45,11152,111.5
mini_neptune_cool,F I,2344,1.0,150,18.998,1.47,11152,111.5
mini_neptune_cool,O I,2348,1.0,150,15.999,1.5,11152,111.5
mini_neptune_cool,Be I,2351,1.0,151,9.012,1.53,11152,111.5
mini_neptune_cool,Ne I,2351,1.0,150,20.18,1.54,11152,111.5
mini_neptune_cool,N I,2363,1.0,150,14.007,1.66,11152,111.5
mini_neptune_cool,Cl I,2372,1.0,151,35.45,1.75,11152,111.5
mini_neptune_cool,OH,2372,1.0,151,17.007,1.75,11152,111.5
mini_neptune_cool,C I,2373,1.0,150,12.011,1.77,11152,111.5
mini_neptune_cool,Li I,2379,1.0,151,6.94,1.82,11152,111.5
mini_neptune_cool,Ar I,2384,1.0,150,39.948,1.88,11152,111.5
mini_neptune_cool,S I,2385,1.0,150,32.06,1.89,11152,111.5
mini_neptune_cool,P I,2386,1.0,151,30.974,1.9,11152,111.5
mini_neptune_cool,B I,2388,1.0,151,10.81,1.92,11152,111.5
mini_neptune_cool,CH4,2395,1.0,151,16.042,2.0,11152,111.5
mini_neptune_cool,O2,2399,1.0,151,31.999,2.05,11152,111.5
mini_neptune_cool,CO,2404,1.0,151,28.01,2.1,11152,111.5
mini_neptune_cool,NO,2408,1.0,152,30.006,2.15,11152,111.5
mini_neptune_cool,NH3,2411,1.0,151,17.031,2.2,11152,111.5
mini_neptune_cool,SO,2411,1.0,151,48.059,2.2,11152,111.5
mini_neptune_cool,Si I,2411,1.0,152,28.085,2.19,11152,111.5
mini_neptune_cool,SiO,2411,1.0,151,44.084,2.2,11152,111.5
mini_neptune_cool,Al I,2416,1.0,151,26.982,2.25,11152,111.5
mini_neptune_cool,HCN,2416,1.0,151,27.026,2.25,11152,111.5
mini_neptune_cool,CO2,2420,1.0,152,44.01,2.3,11152,111.5
mini_neptune_cool,TiO,2420,1.0,152,63.866,2.3,11152,111.5
mini_neptune_cool,PH3,2424,1.0,151,33.998,2.35,11152,111.5
mini_neptune_cool,C3,2428,1.0,152,36.033,2.4,11152,111.5
mini_neptune_cool,V I,2429,1.0,151,50.941,2.42,11152,111.5
mini_neptune_cool,Cr I,2431,1.0,151,51.996,2.45,11152,111.5
mini_neptune_cool,Fe I,2431,1.0,152,55.845,2.44,11152,111.5
mini_neptune_cool,Mn I,2431,1.0,151,54.938,2.45,11152,111.5
mini_neptune_cool,Ti I,2433,1.0,151,47.867,2.46,11152,111.5
mini_neptune_cool,Na I,2436,1.0,152,22.99,2.5,11152,111.5
mini_neptune_cool,Mg I,2437,1.0,152,24.305,2.51,11152,111.5
mini_neptune_cool,OCS,2439,1.0,151,60.075,2.55,11152,111.5
mini_neptune_cool,Sc I,2442,1.0,151,44.956,2.58,11152,111.5
mini_neptune_cool,Ca I,2445,1.0,152,40.078,2.62,11152,111.5
mini_neptune_cool,SO2,2447,1.0,152,64.066,2.65,11152,111.5
mini_neptune_cool,K I,2453,1.0,151,39.098,2.73,11152,111.5
mini_neptune_cool,H2O,2455,1.0,152,18.015,2.75,11152,111.5
mini_neptune_cool,NaCl,2458,1.0,152,58.443,2.8,11152,111.5
mini_neptune_cool,H2S,2465,1.0,152,34.081,2.9,11152,111.5
mini_neptune_warm,H I,4904,1.0,346,1.008,1.2,20919,209.2
mini_neptune_warm,He I,4960,1.0,348,4.003,1.43,20919,209.2
mini_neptune_warm,H2,4964,1.0,348,2.016,1.45,20919,209.2
mini_neptune_warm,F I,4969,1.0,347,18.998,1.47,20919,209.2
mini_neptune_warm,O I,4975,1.0,347,15.999,1.5,20919,209.2
mini_neptune_warm,Be I,4983,1.0,348,9.012,1.53,20919,209.2
mini_neptune_warm,Ne I,4985,1.0,348,20.18,1.54,20919,209.2
mini_neptune_warm,N I,5013,1.0,349,14.007,1.66,20919,209.2
mini_neptune_warm,Cl I,5031,1.0,349,35.45,1.75,20919,209.2
mini_neptune_warm,OH,5031,1.0,349,17.007,1.75,20919,209.2
mini_neptune_warm,C I,5036,1.0,349,12.011,1.77,20919,209.2
mini_neptune_warm,Li I,5046,1.0,349,6.94,1.82,20919,209.2
mini_neptune_warm,Ar I,5059,1.0,350,39.948,1.88,20919,209.2
mini_neptune_warm,S I,5061,1.0,350,32.06,1.89,20919,209.2
mini_neptune_warm,P I,5063,1.0,350,30.974,1.9,20919,209.2
mini_neptune_warm,B I,5067,1.0,350,10.81,1.92,20919,209.2
mini_neptune_warm,CH4,5084,1.0,351,16.042,2.0,20919,209.2
mini_neptune_warm,O2,5094,1.0,351,31.999,2.05,20919,209.2
mini_neptune_warm,CO,5105,1.0,352,28.01,2.1,20919,209.2
mini_neptune_warm,NO,5113,1.0,351,30.006,2.15,20919,209.2
mini_neptune_warm,Si I,5121,1.0,352,28.085,2.19,20919,209.2
mini_neptune_warm,NH3,5123,1.0,352,17.031,2.2,20919,209.2
mini_neptune_warm,SO,5123,1.0,352,48.059,2.2,20919,209.2
mini_neptune_warm,SiO,5123,1.0,352,44.084,2.2,20919,209.2
mini_neptune_warm,Al I,5134,1.0,353,26.982,2.25,20919,209.2
mini_neptune_warm,HCN,5134,1.0,353,27.026,2.25,20919,209.2
mini_neptune_warm,CO2,5142,1.0,353,44.01,2.3,20919,209.2
mini_neptune_warm,TiO,5142,1.0,353,63.866,2.3,20919,209.2
mini_neptune_warm,PH3,5151,1.0,352,33.998,2.35,20919,209.2
mini_neptune_warm,C3,5161,1.0,354,36.033,2.4,20919,209.2
mini_neptune_warm,V I,5165,1.0,354,50.941,2.42,20919,209.2
mini_neptune_warm,Fe I,5167,1.0,353,55.845,2.44,20919,209.2
mini_neptune_warm,Cr I,5170,1.0,353,51.996,2.45,20919,209.2
mini_neptune_warm,Mn I,5170,1.0,353,54.938,2.45,20919,209.2
mini_neptune_warm,Ti I,5172,1.0,353,47.867,2.46,20919,209.2
mini_neptune_warm,Mg I,5180,1.0,353,24.305,2.51,20919,209.2
mini_neptune_warm,Na I,5180,1.0,355,22.99,2.5,20919,209.2
mini_neptune_warm,OCS,5188,1.0,355,60.075,2.55,20919,209.2
mini_neptune_warm,Sc I,5193,1.0,354,44.956,2.58,20919,209.2
mini_neptune_warm,Ca I,5201,1.0,355,40.078,2.62,20919,209.2
mini_neptune_warm,SO2,5205,1.0,354,64.066,2.65,20919,209.2
mini_neptune_warm,K I,5220,1.0,356,39.098,2.73,20919,209.2
mini_neptune_warm,H2O,5222,1.0,354,18.015,2.75,20919,209.2
mini_neptune_warm,NaCl,5230,1.0,355,58.443,2.8,20919,209.2
mini_neptune_warm,H2S,5247,1.0,355,34.081,2.9,20919,209.2
sub_neptune,H I,7553,1.0,549,1.008,1.2,30210,302.1
sub_neptune,He I,7644,1.0,553,4.003,1.43,30210,302.1
sub_neptune,H2,7650,1.0,551,2.016,1.45,30210,302.1
sub_neptune,F I,7659,1.0,553,18.998,1.47,30210,302.1
sub_neptune,O I,7671,1.0,555,15.999,1.5,30210,302.1
sub_neptune,Be I,7680,1.0,553,9.012,1.53,30210,302.1
sub_neptune,Ne I,7686,1.0,556,20.18,1.54,30210,302.1
sub_neptune,N I,7728,1.0,556,14.007,1.66,30210,302.1
sub_neptune,Cl I,7759,1.0,556,35.45,1.75,30210,302.1
sub_neptune,OH,7759,1.0,556,17.007,1.75,30210,302.1
sub_neptune,C I,7768,1.0,559,12.011,1.77,30210,302.1
sub_neptune,Li I,7783,1.0,557,6.94,1.82,30210,302.1
sub_neptune,Ar I,7804,1.0,559,39.948,1.88,30210,302.1
sub_neptune,S I,7807,1.0,559,32.06,1.89,30210,302.1
sub_neptune,P I,7810,1.0,559,30.974,1.9,30210,302.1
sub_neptune,B I,7816,1.0,558,10.81,1.92,30210,302.1
sub_neptune,CH4,7843,1.0,561,16.042,2.0,30210,302.1
sub_neptune,O2,7858,1.0,560,31.999,2.05,30210,302.1
sub_neptune,CO,7873,1.0,560,28.01,2.1,30210,302.1
sub_neptune,NO,7892,1.0,563,30.006,2.15,30210,302.1
sub_neptune,Si I,7904,1.0,563,28.085,2.19,30210,302.1
sub_neptune,NH3,7907,1.0,563,17.031,2.2,30210,302.1
sub_neptune,SO,7907,1.0,563,48.059,2.2,30210,302.1
sub_neptune,SiO,7907,1.0,563,44.084,2.2,30210,302.1
sub_neptune,Al I,7922,1.0,564,26.982,2.25,30210,302.1
sub_neptune,HCN,7922,1.0,564,27.026,2.25,30210,302.1
sub_neptune,CO2,7937,1.0,564,44.01,2.3,30210,302.1
sub_neptune,TiO,7937,1.0,564,63.866,2.3,30210,302.1
sub_neptune,PH3,7952,1.0,565,33.998,2.35,30210,302.1
sub_neptune,C3,7967,1.0,566,36.033,2.4,30210,302.1
sub_neptune,V I,7973,1.0,566,50.941,2.42,30210,302.1
sub_neptune,Fe I,7979,1.0,567,55.845,2.44,30210,302.1
sub_neptune,Cr I,7982,1.0,567,51.996,2.45,30210,302.1
sub_neptune,Mn I,7982,1.0,567,54.938,2.45,30210,302.1
sub_neptune,Ti I,7985,1.0,567,47.867,2.46,30210,302.1
sub_neptune,Na I,7994,1.0,565,22.99,2.5,30210,302.1
sub_neptune,Mg I,7997,1.0,565,24.305,2.51,30210,302.1
sub_neptune,OCS,8009,1.0,566,60.075,2.55,30210,302.1
sub_neptune,Sc I,8018,1.0,567,44.956,2.58,30210,302.1
sub_neptune,Ca I,8031,1.0,568,40.078,2.62,30210,302.1
sub_neptune,SO2,8037,1.0,566,64.066,2.65,30210,302.1
sub_neptune,K I,8061,1.0,569,39.098,2.73,30210,302.1
sub_neptune,H2O,8067,1.0,570,18.015,2.75,30210,302.1
sub_neptune,NaCl,8079,1.0,569,58.443,2.8,30210,302.1
sub_neptune,H2S,8106,1.0,571,34.081,2.9,30210,302.1
super_earth_rocky,H I,233,1.0,12,1.008,1.2,1144,11.4
super_earth_rocky,He I,234,1.0,12,4.003,1.43,1144,11.4
super_earth_rocky,H2,234,1.0,12,2.016,1.45,1144,11.4
super_earth_rocky,F I,235,1.0,12,18.998,1.47,1144,11.4
super_earth_rocky,O I,235,1.0,12,15.999,1.5,1144,11.4
super_earth_rocky,Be I,235,1.0,12,9.012,1.53,1144,11.4
super_earth_rocky,Ne I,235,1.0,12,20.18,1.54,1144,11.4
super_earth_rocky,N I,236,1.0,12,14.007,1.66,1144,11.4
super_earth_rocky,Cl I,236,1.0,12,35.45,1.75,1144,11.4
super_earth_rocky,OH,236,1.0,12,17.007,1.75,1144,11.4
super_earth_rocky,C I,236,1.0,12,12.011,1.77,1144,11.4
super_earth_rocky,Li I,237,1.0,12,6.94,1.82,1144,11.4
super_earth_rocky,Ar I,237,1.0,12,39.948,1.88,1144,11.4
super_earth_rocky,S I,237,1.0,12,32.06,1.89,1144,11.4
super_earth_rocky,P I,237,1.0,12,30.974,1.9,1144,11.4
super_earth_rocky,B I,237,1.0,12,10.81,1.92,1144,11.4
super_earth_rocky,CH4,238,1.0,12,16.042,2.0,1144,11.4
super_earth_rocky,O2,238,1.0,12,31.999,2.05,1144,11.4
super_earth_rocky,CO,238,1.0,12,28.01,2.1,1144,11.4
super_earth_rocky,NO,239,1.0,12,30.006,2.15,1144,11.4
super_earth_rocky,Si I,239,1.0,12,28.085,2.19,1144,11.4
super_earth_rocky,NH3,239,1.0,12,17.031,2.2,1144,11.4
super_earth_rocky,SO,239,1.0,12,48.059,2.2,1144,11.4
super_earth_rocky,SiO,239,1.0,12,44.084,2.2,1144,11.4
super_earth_rocky,Al I,239,1.0,12,26.982,2.25,1144,11.4
super_earth_rocky,HCN,239,1.0,12,27.026,2.25,1144,11.4
super_earth_rocky,CO2,239,1.0,12,44.01,2.3,1144,11.4
super_earth_rocky,TiO,239,1.0,12,63.866,2.3,1144,11.4
super_earth_rocky,PH3,240,1.0,12,33.998,2.35,1144,11.4
super_earth_rocky,C3,240,1.0,12,36.033,2.4,1144,11.4
super_earth_rocky,V I,240,1.0,12,50.941,2.42,1144,11.4
super_earth_rocky,Cr I,240,1.0,12,51.996,2.45,1144,11.4
super_earth_rocky,Fe I,240,1.0,12,55.845,2.44,1144,11.4
super_earth_rocky,Mn I,240,1.0,12,54.938,2.45,1144,11.4
super_earth_rocky,Ti I,240,1.0,12,47.867,2.46,1144,11.4
super_earth_rocky,Mg I,240,1.0,12,24.305,2.51,1144,11.4
super_earth_rocky,Na I,240,1.0,12,22.99,2.5,1144,11.4
super_earth_rocky,OCS,241,1.0,12,60.075,2.55,1144,11.4
super_earth_rocky,Sc I,241,1.0,12,44.956,2.58,1144,11.4
super_earth_rocky,Ca I,241,1.0,12,40.078,2.62,1144,11.4
super_earth_rocky,SO2,241,1.0,12,64.066,2.65,1144,11.4
super_earth_rocky,K I,242,1.0,12,39.098,2.73,1144,11.4
super_earth_rocky,H2O,242,1.0,12,18.015,2.75,1144,11.4
super_earth_rocky,NaCl,242,1.0,12,58.443,2.8,1144,11.4
super_earth_rocky,H2S,242,1.0,12,34.081,2.9,1144,11.4
super_puff,Al I,225154,0.0,11,26.982,2.25,225154,2251.5
super_puff,Ar I,225154,0.0,14,39.948,1.88,225154,2251.5
super_puff,B I,225154,0.0,13,10.81,1.92,225154,2251.5
super_puff,Be I,225154,0.0,17,9.012,1.53,225154,2251.5
super_puff,C I,225154,0.0,15,12.011,1.77,225154,2251.5
super_puff,C3,225154,0.0,10,36.033,2.4,225154,2251.5
super_puff,CH4,225154,0.0,13,16.042,2.0,225154,2251.5
super_puff,CO,225154,0.0,12,28.01,2.1,225154,2251.5
super_puff,CO2,225154,0.0,11,44.01,2.3,225154,2251.5
super_puff,Ca I,225154,0.0,9,40.078,2.62,225154,2251.5
super_puff,Cl I,225154,0.0,15,35.45,1.75,225154,2251.5
super_puff,Cr I,225154,0.0,10,51.996,2.45,225154,2251.5
super_puff,F I,225154,0.0,18,18.998,1.47,225154,2251.5
super_puff,Fe I,225154,0.0,10,55.845,2.44,225154,2251.5
super_puff,H I,225154,0.0,21,1.008,1.2,225154,2251.5
super_puff,H2,225154,0.0,18,2.016,1.45,225154,2251.5
super_puff,H2O,225154,0.0,9,18.015,2.75,225154,2251.5
super_puff,H2S,225154,0.0,8,34.081,2.9,225154,2251.5
super_puff,HCN,225154,0.0,11,27.026,2.25,225154,2251.5
super_puff,He I,225154,0.0,18,4.003,1.43,225154,2251.5
super_puff,K I,225154,0.0,9,39.098,2.73,225154,2251.5
super_puff,Li I,225154,0.0,14,6.94,1.82,225154,2251.5
super_puff,Mg I,225154,0.0,10,24.305,2.51,225154,2251.5
super_puff,Mn I,225154,0.0,10,54.938,2.45,225154,2251.5
super_puff,N I,225154,0.0,16,14.007,1.66,225154,2251.5
super_puff,NH3,225154,0.0,11,17.031,2.2,225154,2251.5
super_puff,NO,225154,0.0,12,30.006,2.15,225154,2251.5
super_puff,Na I,225154,0.0,10,22.99,2.5,225154,2251.5
super_puff,NaCl,225154,0.0,9,58.443,2.8,225154,2251.5
super_puff,Ne I,225154,0.0,17,20.18,1.54,225154,2251.5
super_puff,O I,225154,0.0,17,15.999,1.5,225154,2251.5
super_puff,O2,225154,0.0,12,31.999,2.05,225154,2251.5
super_puff,OCS,225154,0.0,10,60.075,2.55,225154,2251.5
super_puff,OH,225154,0.0,15,17.007,1.75,225154,2251.5
super_puff,P I,225154,0.0,14,30.974,1.9,225154,2251.5
super_puff,PH3,225154,0.0,11,33.998,2.35,225154,2251.5
super_puff,S I,225154,0.0,14,32.06,1.89,225154,2251.5
super_puff,SO,225154,0.0,11,48.059,2.2,225154,2251.5
super_puff,SO2,225154,0.0,9,64.066,2.65,225154,2251.5
super_puff,Sc I,225154,0.0,9,44.956,2.58,225154,2251.5
super_puff,Si I,225154,0.0,12,28.085,2.19,225154,2251.5
super_puff,SiO,225154,0.0,11,44.084,2.2,225154,2251.5
super_puff,Ti I,225154,0.0,10,47.867,2.46,225154,2251.5
super_puff,TiO,225154,0.0,11,63.866,2.3,225154,2251.5
super_puff,V I,225154,0.0,10,50.941,2.42,225154,2251.5
ultra_hot_jupiter,H I,22521,1.0,1294,1.008,1.2,93052,930.5
ultra_hot_jupiter,He I,22735,1.0,1295,4.003,1.43,93052,930.5
ultra_hot_jupiter,H2,22753,1.0,1296,2.016,1.45,93052,930.5
ultra_hot_jupiter,F I,22772,1.0,1297,18.998,1.47,93052,930.5
ultra_hot_jupiter,O I,22800,1.0,1298,15.999,1.5,93052,930.5
ultra_hot_jupiter,Be I,22828,1.0,1300,9.012,1.53,93052,930.5
ultra_hot_jupiter,Ne I,22837,1.0,1301,20.18,1.54,93052,930.5
ultra_hot_jupiter,N I,22940,1.0,1302,14.007,1.66,93052,930.5
ultra_hot_jupiter,Cl I,23014,1.0,1303,35.45,1.75,93052,930.5
ultra_hot_jupiter,OH,23014,1.0,1303,17.007,1.75,93052,930.5
ultra_hot_jupiter,C I,23033,1.0,1305,12.011,1.77,93052,930.5
ultra_hot_jupiter,Li I,23070,1.0,1303,6.94,1.82,93052,930.5
ultra_hot_jupiter,Ar I,23116,1.0,1302,39.948,1.88,93052,930.5
ultra_hot_jupiter,S I,23126,1.0,1304,32.06,1.89,93052,930.5
ultra_hot_jupiter,P I,23135,1.0,1305,30.974,1.9,93052,930.5
ultra_hot_jupiter,B I,23154,1.0,1308,10.81,1.92,93052,930.5
ultra_hot_jupiter,CH4,23209,1.0,1303,16.042,2.0,93052,930.5
ultra_hot_jupiter,O2,23256,1.0,1312,31.999,2.05,93052,930.5
ultra_hot_jupiter,CO,23293,1.0,1313,28.01,2.1,93052,930.5
ultra_hot_jupiter,NO,23330,1.0,1314,30.006,2.15,93052,930.5
ultra_hot_jupiter,Si I,23358,1.0,1313,28.085,2.19,93052,930.5
ultra_hot_jupiter,NH3,23368,1.0,1315,17.031,2.2,93052,930.5
ultra_hot_jupiter,SO,23368,1.0,1315,48.059,2.2,93052,930.5
ultra_hot_jupiter,SiO,23368,1.0,1315,44.084,2.2,93052,930.5
ultra_hot_jupiter,Al I,23396,1.0,1307,26.982,2.25,93052,930.5
ultra_hot_jupiter,HCN,23396,1.0,1307,27.026,2.25,93052,930.5
ultra_hot_jupiter,CO2,23433,1.0,1310,44.01,2.3,93052,930.5
ultra_hot_jupiter,TiO,23433,1.0,1310,63.866,2.3,93052,930.5
ultra_hot_jupiter,PH3,23470,1.0,1312,33.998,2.35,93052,930.5
ultra_hot_jupiter,C3,23507,1.0,1315,36.033,2.4,93052,930.5
ultra_hot_jupiter,V I,23517,1.0,1311,50.941,2.42,93052,930.5
ultra_hot_jupiter,Cr I,23535,1.0,1310,51.996,2.45,93052,930.5
ultra_hot_jupiter,Fe I,23535,1.0,1316,55.845,2.44,93052,930.5
ultra_hot_jupiter,Mn I,23535,1.0,1310,54.938,2.45,93052,930.5
ultra_hot_jupiter,Ti I,23545,1.0,1312,47.867,2.46,93052,930.5
ultra_hot_jupiter,Na I,23572,1.0,1314,22.99,2.5,93052,930.5
ultra_hot_jupiter,Mg I,23582,1.0,1316,24.305,2.51,93052,930.5
ultra_hot_jupiter,OCS,23610,1.0,1318,60.075,2.55,93052,930.5
ultra_hot_jupiter,Sc I,23628,1.0,1317,44.956,2.58,93052,930.5
ultra_hot_jupiter,Ca I,23656,1.0,1319,40.078,2.62,93052,930.5
ultra_hot_jupiter,SO2,23675,1.0,1318,64.066,2.65,93052,930.5
ultra_hot_jupiter,K I,23721,1.0,1314,39.098,2.73,93052,930.5
ultra_hot_jupiter,H2O,23740,1.0,1320,18.015,2.75,93052,930.5
ultra_hot_jupiter,NaCl,23768,1.0,1317,58.443,2.8,93052,930.5
ultra_hot_jupiter,H2S,23833,1.0,1321,34.081,2.9,93052,930.5
volatile_super_earth,H I,2044,1.0,125,1.008,1.2,9478,94.8
volatile_super_earth,He I,2061,1.0,125,4.003,1.43,9478,94.8
volatile_super_earth,H2,2063,1.0,125,2.016,1.45,9478,94.8
volatile_super_earth,F I,2063,1.0,124,18.998,1.47,9478,94.8
volatile_super_earth,O I,2066,1.0,125,15.999,1.5,9478,94.8
volatile_super_earth,Be I,2068,1.0,125,9.012,1.53,9478,94.8
volatile_super_earth,Ne I,2069,1.0,125,20.18,1.54,9478,94.8
volatile_super_earth,N I,2078,1.0,125,14.007,1.66,9478,94.8
volatile_super_earth,Cl I,2083,1.0,125,35.45,1.75,9478,94.8
volatile_super_earth,OH,2083,1.0,125,17.007,1.75,9478,94.8
volatile_super_earth,C I,2085,1.0,125,12.011,1.77,9478,94.8
volatile_super_earth,Li I,2088,1.0,125,6.94,1.82,9478,94.8
volatile_super_earth,Ar I,2092,1.0,125,39.948,1.88,9478,94.8
volatile_super_earth,S I,2093,1.0,125,32.06,1.89,9478,94.8
volatile_super_earth,P I,2094,1.0,125,30.974,1.9,9478,94.8
volatile_super_earth,B I,2095,1.0,125,10.81,1.92,9478,94.8
volatile_super_earth,CH4,2100,1.0,126,16.042,2.0,9478,94.8
volatile_super_earth,O2,2103,1.0,125,31.999,2.05,9478,94.8
volatile_super_earth,CO,2106,1.0,125,28.01,2.1,9478,94.8
volatile_super_earth,NO,2110,1.0,126,30.006,2.15,9478,94.8
volatile_super_earth,Si I,2112,1.0,125,28.085,2.19,9478,94.8
volatile_super_earth,NH3,2113,1.0,126,17.031,2.2,9478,94.8
volatile_super_earth,SO,2113,1.0,126,48.059,2.2,9478,94.8
volatile_super_earth,SiO,2113,1.0,126,44.084,2.2,9478,94.8
volatile_super_earth,Al I,2116,1.0,125,26.982,2.25,9478,94.8
volatile_super_earth,HCN,2116,1.0,125,27.026,2.25,9478,94.8
volatile_super_earth,CO2,2118,1.0,125,44.01,2.3,9478,94.8
volatile_super_earth,TiO,2118,1.0,125,63.866,2.3,9478,94.8
volatile_super_earth,PH3,2121,1.0,125,33.998,2.35,9478,94.8
volatile_super_earth,C3,2124,1.0,125,36.033,2.4,9478,94.8
volatile_super_earth,V I,2126,1.0,126,50.941,2.42,9478,94.8
volatile_super_earth,Fe I,2127,1.0,126,55.845,2.44,9478,94.8
volatile_super_earth,Cr I,2128,1.0,126,51.996,2.45,9478,94.8
volatile_super_earth,Mn I,2128,1.0,126,54.938,2.45,9478,94.8
volatile_super_earth,Ti I,2128,1.0,126,47.867,2.46,9478,94.8
volatile_super_earth,Mg I,2131,1.0,126,24.305,2.51,9478,94.8
volatile_super_earth,Na I,2131,1.0,126,22.99,2.5,9478,94.8
volatile_super_earth,OCS,2134,1.0,126,60.075,2.55,9478,94.8
volatile_super_earth,Sc I,2135,1.0,125,44.956,2.58,9478,94.8
volatile_super_earth,Ca I,2137,1.0,126,40.078,2.62,9478,94.8
volatile_super_earth,SO2,2138,1.0,125,64.066,2.65,9478,94.8
volatile_super_earth,K I,2143,1.0,126,39.098,2.73,9478,94.8
volatile_super_earth,H2O,2144,1.0,126,18.015,2.75,9478,94.8
volatile_super_earth,NaCl,2147,1.0,126,58.443,2.8,9478,94.8
volatile_super_earth,H2S,2153,1.0,126,34.081,2.9,9478,94.8
warm_jupiter,H I,1727,1.0,91,1.008,1.2,8751,87.5
warm_jupiter,He I,1742,1.0,92,4.003,1.43,8751,87.5
warm_jupiter,H2,1744,1.0,92,2.016,1.45,8751,87.5
warm_jupiter,F I,1745,1.0,92,18.998,1.47,8751,87.5
warm_jupiter,O I,1747,1.0,92,15.999,1.5,8751,87.5
warm_jupiter,Be I,1749,1.0,91,9.012,1.53,8751,87.5
warm_jupiter,Ne I,1749,1.0,92,20.18,1.54,8751,87.5
warm_jupiter,N I,1757,1.0,92,14.007,1.66,8751,87.5
warm_jupiter,Cl I,1763,1.0,92,35.45,1.75,8751,87.5
warm_jupiter,OH,1763,1.0,92,17.007,1.75,8751,87.5
warm_jupiter,C I,1763,1.0,92,12.011,1.77,8751,87.5
warm_jupiter,Li I,1766,1.0,92,6.94,1.82,8751,87.5
warm_jupiter,Ar I,1770,1.0,92,39.948,1.88,8751,87.5
warm_jupiter,P I,1770,1.0,92,30.974,1.9,8751,87.5
warm_jupiter,S I,1770,1.0,92,32.06,1.89,8751,87.5
warm_jupiter,B I,1772,1.0,92,10.81,1.92,8751,87.5
warm_jupiter,CH4,1777,1.0,92,16.042,2.0,8751,87.5
warm_jupiter,O2,1779,1.0,92,31.999,2.05,8751,87.5
warm_jupiter,CO,1782,1.0,92,28.01,2.1,8751,87.5
warm_jupiter,NO,1784,1.0,92,30.006,2.15,8751,87.5
warm_jupiter,Si I,1786,1.0,92,28.085,2.19,8751,87.5
warm_jupiter,NH3,1787,1.0,92,17.031,2.2,8751,87.5
warm_jupiter,SO,1787,1.0,92,48.059,2.2,8751,87.5
warm_jupiter,SiO,1787,1.0,92,44.084,2.2,8751,87.5
warm_jupiter,Al I,1790,1.0,92,26.982,2.25,8751,87.5
warm_jupiter,HCN,1790,1.0,92,27.026,2.25,8751,87.5
warm_jupiter,CO2,1791,1.0,92,44.01,2.3,8751,87.5
warm_jupiter,TiO,1791,1.0,92,63.866,2.3,8751,87.5
warm_jupiter,PH3,1794,1.0,92,33.998,2.35,8751,87.5
warm_jupiter,C3,1797,1.0,92,36.033,2.4,8751,87.5
warm_jupiter,V I,1798,1.0,92,50.941,2.42,8751,87.5
warm_jupiter,Fe I,1798,1.0,92,55.845,2.44,8751,87.5
warm_jupiter,Cr I,1799,1.0,92,51.996,2.45,8751,87.5
warm_jupiter,Mn I,1799,1.0,92,54.938,2.45,8751,87.5
warm_jupiter,Ti I,1799,1.0,92,47.867,2.46,8751,87.5
warm_jupiter,Na I,1801,1.0,92,22.99,2.5,8751,87.5
warm_jupiter,Mg I,1802,1.0,92,24.305,2.51,8751,87.5
warm_jupiter,OCS,1804,1.0,92,60.075,2.55,8751,87.5
warm_jupiter,Sc I,1805,1.0,92,44.956,2.58,8751,87.5
warm_jupiter,Ca I,1807,1.0,92,40.078,2.62,8751,87.5
warm_jupiter,SO2,1808,1.0,92,64.066,2.65,8751,87.5
warm_jupiter,K I,1812,1.0,92,39.098,2.73,8751,87.5
warm_jupiter,H2O,1813,1.0,92,18.015,2.75,8751,87.5
warm_jupiter,NaCl,1815,1.0,92,58.443,2.8,8751,87.5
warm_jupiter,H2S,1819,1.0,92,34.081,2.9,8751,87.5
warm_neptune,H I,7429,1.0,520,1.008,1.2,31251,312.5
warm_neptune,He I,7514,1.0,522,4.003,1.43,31251,312.5
warm_neptune,H2,7523,1.0,525,2.016,1.45,31251,312.5
warm_neptune,F I,7529,1.0,524,18.998,1.47,31251,312.5
warm_neptune,O I,7539,1.0,524,15.999,1.5,31251,312.5
warm_neptune,Be I,7551,1.0,526,9.012,1.53,31251,312.5
warm_neptune,Ne I,7554,1.0,526,20.18,1.54,31251,312.5
warm_neptune,N I,7595,1.0,527,14.007,1.66,31251,312.5
warm_neptune,Cl I,7623,1.0,527,35.45,1.75,31251,312.5
warm_neptune,OH,7623,1.0,527,17.007,1.75,31251,312.5
warm_neptune,C I,7629,1.0,527,12.011,1.77,31251,312.5
warm_neptune,Li I,7645,1.0,527,6.94,1.82,31251,312.5
warm_neptune,Ar I,7664,1.0,527,39.948,1.88,31251,312.5
warm_neptune,S I,7667,1.0,527,32.06,1.89,31251,312.5
warm_neptune,P I,7670,1.0,527,30.974,1.9,31251,312.5
warm_neptune,B I,7676,1.0,528,10.81,1.92,31251,312.5
warm_neptune,CH4,7701,1.0,529,16.042,2.0,31251,312.5
warm_neptune,O2,7717,1.0,530,31.999,2.05,31251,312.5
warm_neptune,CO,7732,1.0,531,28.01,2.1,31251,312.5
warm_neptune,NO,7748,1.0,533,30.006,2.15,31251,312.5
warm_neptune,Si I,7757,1.0,531,28.085,2.19,31251,312.5
warm_neptune,NH3,7760,1.0,531,17.031,2.2,31251,312.5
warm_neptune,SO,7760,1.0,531,48.059,2.2,31251,312.5
warm_neptune,SiO,7760,1.0,531,44.084,2.2,31251,312.5
warm_neptune,Al I,7776,1.0,533,26.982,2.25,31251,312.5
warm_neptune,HCN,7776,1.0,533,27.026,2.25,31251,312.5
warm_neptune,CO2,7789,1.0,532,44.01,2.3,31251,312.5
warm_neptune,TiO,7789,1.0,532,63.866,2.3,31251,312.5
warm_neptune,PH3,7804,1.0,534,33.998,2.35,31251,312.5
warm_neptune,C3,7817,1.0,533,36.033,2.4,31251,312.5
warm_neptune,V I,7823,1.0,534,50.941,2.42,31251,312.5
warm_neptune,Fe I,7829,1.0,535,55.845,2.44,31251,312.5
warm_neptune,Cr I,7832,1.0,535,51.996,2.45,31251,312.5
warm_neptune,Mn I,7832,1.0,535,54.938,2.45,31251,312.5
warm_neptune,Ti I,7832,1.0,532,47.867,2.46,31251,312.5
warm_neptune,Na I,7845,1.0,534,22.99,2.5,31251,312.5
warm_neptune,Mg I,7848,1.0,535,24.305,2.51,31251,312.5
warm_neptune,OCS,7857,1.0,534,60.075,2.55,31251,312.5
warm_neptune,Sc I,7867,1.0,536,44.956,2.58,31251,312.5
warm_neptune,Ca I,7876,1.0,535,40.078,2.62,31251,312.5
warm_neptune,SO2,7885,1.0,537,64.066,2.65,31251,312.5
warm_neptune,K I,7904,1.0,535,39.098,2.73,31251,312.5
warm_neptune,H2O,7910,1.0,537,18.015,2.75,31251,312.5
warm_neptune,NaCl,7923,1.0,537,58.443,2.8,31251,312.5
warm_neptune,H2S,7948,1.0,538,34.081,2.9,31251,312.5
